{
    "100": {
        "accuracy": 0.9690504670143127,
        "loss": 0.10744677091162384,
        "total_synops": 36806.962311573516,
        "synops_per_layer": [
            2522.347073286008,
            9544.976960011018,
            14626.178172576121,
            9934.856323242188,
            178.6038748912322
        ],
        "fire_rate_per_layer": [
            0.11456179411078875,
            0.15714161902761611,
            0.0814477781741283,
            0.031007615132973745,
            0.12031550779461096
        ],
        "total_act_sparsity": 0.9415713907436791,
        "act_sparsity_per_layer": [
            0.9362075933373438,
            0.9292758768968619,
            0.9535882870926822,
            0.9748134457261256,
            0.8990858707264968
        ],
        "powers": [
            5.472155205101062e-05,
            0.00018688909902293352,
            0.00055077824986874,
            4.1773395441662706e-05,
            0.0006079243517863289
        ],
        "fps": 0.8099297184509484,
        "act_sparsity": 0.9351652207146631,
        "act_sp_by_layer": {
            "0": 0.9308963921928002,
            "1": 0.9191738406209415,
            "2": 0.9459828999434708,
            "3": 0.9741423799610252,
            "4": 0.8765742114674885
        },
        "tot_spikes": 926923
    },
    "70": {
        "accuracy": 0.9694511294364929,
        "loss": 0.09039684339642498,
        "total_synops": 26825.86739095052,
        "synops_per_layer": [
            2522.347073286008,
            7831.907237517528,
            10085.662430200822,
            6243.113791441306,
            142.83687943678635
        ],
        "fire_rate_per_layer": [
            0.09402579005855398,
            0.10795394264352627,
            0.05074002942404686,
            0.02479806765078161,
            0.09770800152984567
        ],
        "total_act_sparsity": 0.9468896115509549,
        "act_sparsity_per_layer": [
            0.9372388974030877,
            0.9385662507542938,
            0.966465169270833,
            0.9777747636959879,
            0.9118129006410257
        ],
        "powers": [
            5.3239145024627876e-05,
            0.00016054997052144368,
            0.00045452617282151737,
            3.7266914166261325e-05,
            0.0005935485983482652
        ],
        "fps": 0.815432409223366,
        "act_sparsity": 0.9404952989307118,
        "act_sp_by_layer": {
            "0": 0.931526913985885,
            "1": 0.9288738926162862,
            "2": 0.9608230193630753,
            "3": 0.9759543973152086,
            "4": 0.8791264601320468
        },
        "tot_spikes": 851211
    },
    "50": {
        "accuracy": 0.9594351053237915,
        "loss": 0.11879804868510455,
        "total_synops": 20410.37602351262,
        "synops_per_layer": [
            2522.347073286008,
            5944.649029071515,
            6799.482838166065,
            5008.6455805851865,
            135.25147516299518
        ],
        "fire_rate_per_layer": [
            0.07125570721781024,
            0.07310174384082739,
            0.04102628328837454,
            0.023481157468034863,
            0.08549178911086458
        ],
        "total_act_sparsity": 0.9595242843762944,
        "act_sparsity_per_layer": [
            0.9529439649575414,
            0.9568221319749458,
            0.9697252186832273,
            0.9784792531476285,
            0.9232121394230762
        ],
        "powers": [
            5.0507712000646554e-05,
            0.00013539923090985346,
            0.000461160792063915,
            4.195296097950022e-05,
            0.000605370969648018
        ],
        "fps": 0.8197784545708768,
        "act_sparsity": 0.9543526011369117,
        "act_sp_by_layer": {
            "0": 0.948097694156572,
            "1": 0.9499360693017618,
            "2": 0.9644910034477805,
            "3": 0.9766357933205742,
            "4": 0.8958844825433815
        },
        "tot_spikes": 647328
    },
    "10": {
        "accuracy": 0.9609375,
        "loss": 0.1200127879201085,
        "total_synops": 6371.237337552584,
        "synops_per_layer": [
            2522.347073286008,
            1515.0562231601814,
            1362.9656700721155,
            881.7126545050205,
            89.15572002606514
        ],
        "fire_rate_per_layer": [
            0.018187863871646233,
            0.01468609028066007,
            0.0071258930122264875,
            0.015478422626470908,
            0.09972255841757242
        ],
        "total_act_sparsity": 0.9878011780536223,
        "act_sparsity_per_layer": [
            0.9865657904434866,
            0.9881905982699893,
            0.9936081355168267,
            0.9850773564091443,
            0.9152894631410262
        ],
        "powers": [
            4.663982192049138e-05,
            8.616985965249063e-05,
            0.0003766397881546854,
            4.145534191696976e-05,
            0.0006073225249278784
        ],
        "fps": 0.8293160489979298,
        "act_sparsity": 0.9858754555282709,
        "act_sp_by_layer": {
            "0": 0.9851409026365514,
            "1": 0.9862346759267743,
            "2": 0.9919956178129711,
            "3": 0.982000472618612,
            "4": 0.8761561758205779
        },
        "tot_spikes": 191154
    },
    "5": {
        "accuracy": 0.8186097741127014,
        "loss": 0.542906968937948,
        "total_synops": 6916.333153357873,
        "synops_per_layer": [
            2522.347073286008,
            2405.1207400590947,
            1523.2493321345403,
            394.8252355624468,
            70.79076860501216
        ],
        "fire_rate_per_layer": [
            0.028837264607994795,
            0.016188816168906692,
            0.0036517928286533183,
            0.012290063231305864,
            0.11448918552830434
        ],
        "total_act_sparsity": 0.9867264234709856,
        "act_sparsity_per_layer": [
            0.9809995156032815,
            0.9904344044091951,
            0.9973925405649041,
            0.9881009499458389,
            0.8977711004273511
        ],
        "powers": [
            4.7096167803698885e-05,
            8.971853961051057e-05,
            0.0003913854328054593,
            4.2403296485451425e-05,
            0.0006051251461731103
        ],
        "fps": 0.8278096847475059,
        "act_sparsity": 0.9760747360760178,
        "act_sp_by_layer": {
            "0": 0.9710628753170377,
            "1": 0.9833597975807805,
            "2": 0.9789756578021669,
            "3": 0.9834385570974046,
            "4": 0.8520452567449956
        },
        "tot_spikes": 241921
    },
    "3": {
        "accuracy": 0.09815704822540283,
        "loss": 2.3025851249694824,
        "total_synops": 5881.479242569361,
        "synops_per_layer": [
            2522.347073286008,
            1171.9148600651667,
            2187.217301197541,
            0.0,
            0.0
        ],
        "fire_rate_per_layer": [
            0.013970506147672541,
            0.023510559205300152,
            0.0,
            0.0,
            0.0
        ],
        "total_act_sparsity": 0.9935955752405021,
        "act_sparsity_per_layer": [
            0.9914175079204005,
            0.9906319633017767,
            1.0,
            1.0,
            1.0
        ],
        "powers": [
            4.7693268665906666e-05,
            9.461079964919775e-05,
            0.00038113576306418785,
            4.049563612561189e-05,
            0.0006138546863129847
        ],
        "fps": 0.8276302465406591,
        "act_sparsity": 0.9766138792590617,
        "act_sp_by_layer": {
            "2": 0.0,
            "3": 0.0,
            "4": 0.0,
            "0": 0.9748265830755254,
            "1": 0.9795578859014847
        },
        "tot_spikes": 159607
    },
    "1": {
        "accuracy": 0.09815704822540283,
        "loss": 2.3025851249694824,
        "total_synops": 4961.694532345503,